movieId,imdb_id,tmdb_id,rating,average_rating,title
1,114709,862,4.5,3.89524,Toy Story (1995)
6,113277,949,5,3.86859,Heat (1995)
16,112641,524,4.5,3.83641,Casino (1995)
32,114746,63,3.5,3.89662,Twelve Monkeys (1995)
47,114369,807,5,4.09194,Se7en (1995)
50,114814,629,4,4.25821,The Usual Suspects (1995)
111,75314,103,4,4.07673,Taxi Driver (1976)
123,109424,11104,4,4.01469,Chungking Express (1994)
165,112864,1572,4,3.52012,Die Hard: With a Vengeance (1995)
215,112471,76,4,3.9492,Before Sunrise (1995)
260,76759,11,4,4.08764,Star Wars (1977)
288,110632,241,3.5,3.26791,Natural Born Killers (1994)
293,110413,101,5,4.09275,Léon: The Professional (1994)
296,110912,680,4.5,4.1945,Pulp Fiction (1994)
306,111495,110,4,4.05249,Three Colors: Red (1994)
318,111161,278,4.5,4.41521,The Shawshank Redemption (1994)
353,109506,9495,4,3.51455,The Crow (1994)
356,109830,13,4.5,4.07105,Forrest Gump (1994)
364,110357,8587,4.5,3.838,The Lion King (1994)
377,111257,1637,4.5,3.49255,Speed (1994)
431,106519,6075,3.5,3.7139,Carlito's Way (1993)
441,106677,9571,5,3.69665,Dazed and Confused (1993)
475,107207,7984,4,3.90096,In the Name of the Father (1993)
480,107290,329,5,3.69864,Jurassic Park (1993)
527,108052,424,4.5,4.23685,Schindler's List (1993)
541,83658,78,4,4.11032,Blade Runner (1982)
551,107688,9479,4,3.7432,The Nightmare Before Christmas (1993)
555,108399,319,4,3.80806,True Romance (1993)
588,103639,812,4.5,3.70541,Aladdin (1992)
589,103064,280,4,3.96864,Terminator 2: Judgment Day (1991)
593,102926,274,4.5,4.14967,The Silence of the Lambs (1991)
595,101414,10020,4.5,3.6784,Beauty and the Beast (1991)
608,116282,275,4.5,4.11662,Fargo (1996)
628,117381,1592,3.5,3.76358,Primal Fear (1996)
648,117060,954,4,3.4189,Mission: Impossible (1996)
750,57012,935,3,4.1945,Dr. Strangelove or: How I Learned to Stop Worrying and Love the Bomb (1964)
778,117951,627,4,4.0141,Trainspotting (1996)
858,68646,238,4.5,4.32295,The Godfather (1972)
903,52357,426,3.5,4.10952,Vertigo (1958)
904,47396,567,3,4.21913,Rear Window (1954)
912,34583,289,4,4.18918,Casablanca (1943)
924,62622,62,4,3.99824,2001: A Space Odyssey (1968)
953,38650,1585,4.5,4.02356,It's a Wonderful Life (1946)
1036,95016,562,4,3.94567,Die Hard (1988)
1080,79470,583,4,3.97944,Life of Brian (1979)
1089,105236,500,4.5,4.09182,Reservoir Dogs (1992)
1090,91763,792,4.5,3.89907,Platoon (1986)
1101,92099,744,3.5,3.4245,Top Gun (1986)
1136,71853,762,4,4.13108,Monty Python and the Holy Grail (1975)
1172,95765,11216,4.5,4.1188,Cinema Paradiso (1988)
1193,73486,510,5,4.20768,One Flew Over the Cuckoo's Nest (1975)
1196,80684,1891,4,4.11609,The Empire Strikes Back (1980)
1197,93779,2493,4,4.10819,The Princess Bride (1987)
1198,82971,85,4,4.09701,Raiders of the Lost Ark (1981)
1199,88846,68,3.5,4.00276,Brazil (1985)
1200,90605,679,3,4.00728,Aliens (1986)
1201,60196,429,4,4.1331,"The Good, the Bad and the Ugly (1966)"
1203,50083,389,4.5,4.27286,12 Angry Men (1957)
1206,66921,185,3.5,3.98231,A Clockwork Orange (1971)
1208,78788,28,4.5,4.11865,Apocalypse Now (1979)
1209,64116,335,4,4.10904,Once Upon a Time in the West (1968)
1210,86190,1892,4,3.98089,Return of the Jedi (1983)
1213,99685,769,4.5,4.19463,GoodFellas (1990)
1214,78748,348,5,4.07331,Alien (1979)
1219,54215,539,4.5,4.05829,Psycho (1960)
1221,71562,240,4,4.26922,The Godfather Part II (1974)
1222,93058,600,4.5,4.05072,Full Metal Jacket (1987)
1225,86879,279,4,4.07014,Amadeus (1984)
1228,81398,1578,4,4.02685,Raging Bull (1980)
1232,79944,1398,4,4.06889,Stalker (1979)
1237,50976,490,4,4.06512,The Seventh Seal (1957)
1240,88247,218,4,3.90433,The Terminator (1984)
1246,97165,207,4.5,3.9467,Dead Poets Society (1989)
1252,71315,829,4,4.13708,Chinatown (1974)
1258,81505,694,4,4.03729,The Shining (1980)
1259,92005,235,4,3.98509,Stand by Me (1986)
1263,77416,11778,4.5,3.96259,The Deer Hunter (1978)
1265,107048,137,4,3.90652,Groundhog Day (1993)
1266,105695,33,4.5,3.99019,Unforgiven (1992)
1270,88763,105,4.5,3.96809,Back to the Future (1985)
1274,94625,149,4,3.93219,Akira (1988)
1288,88258,11031,3.5,3.99957,This Is Spinal Tap (1984)
1291,97576,89,4.5,3.98415,Indiana Jones and the Last Crusade (1989)
1343,101540,1598,3.5,3.54108,Cape Fear (1991)
1370,99423,1573,3.5,3.46109,Die Hard 2 (1990)
1527,119116,18,3.5,3.79045,The Fifth Element (1997)
1584,118884,686,4,3.70577,Contact (1997)
1617,119488,2118,4,4.04902,L.A. Confidential (1997)
1625,119174,2649,4,3.87045,The Game (1997)
1645,118971,1813,3.5,3.56982,The Devil's Advocate (1997)
1653,119177,782,4,3.81818,Gattaca (1997)
1682,120382,37165,4.5,3.90646,The Truman Show (1998)
1704,119217,489,4,4.11406,Good Will Hunting (1997)
1729,119396,184,4,3.70187,Jackie Brown (1997)
1732,118715,115,4,3.99391,The Big Lebowski (1998)
1884,120669,1878,4,3.76047,Fear and Loathing in Las Vegas (1998)
1954,75148,1366,4,3.74571,Rocky (1976)
1961,95953,380,4.5,3.91006,Rain Man (1988)
1968,88847,2108,4,3.82491,The Breakfast Club (1985)
1997,70047,9552,4,3.75432,The Exorcist (1973)
2019,47478,346,4,4.24378,Seven Samurai (1954)
2023,99674,242,3.5,3.44639,The Godfather Part III (1990)
2028,120815,857,4.5,4.05978,Saving Private Ryan (1998)
2081,97757,10144,4,3.52448,The Little Mermaid (1989)
2115,87469,87,3.5,3.69896,Indiana Jones and the Temple of Doom (1984)
2288,84787,1091,4.5,3.94725,The Thing (1982)
2291,99487,162,4,3.71992,Edward Scissorhands (1990)
2297,120889,12159,3.5,3.3445,What Dreams May Come (1998)
2313,80678,1955,4,3.89402,The Elephant Man (1980)
2324,118799,637,4.5,4.15916,Life Is Beautiful (1997)
2329,120586,73,4.5,4.13002,American History X (1998)
2360,154420,309,4,4.07259,The Celebration (1998)
2409,79817,1367,4,3.23851,Rocky II (1979)
2410,84602,1371,3,3.0161,Rocky III (1982)
2411,89927,1374,3.5,2.95232,Rocky IV (1985)
2413,88930,15196,3,3.5492,Clue (1985)
2427,120863,8741,4.5,3.45206,The Thin Red Line (1998)
2502,151804,1542,4.5,3.98855,Office Space (1999)
2542,120735,100,4.5,4.03018,"Lock, Stock and Two Smoking Barrels (1998)"
2571,133093,603,4.5,4.16282,The Matrix (1999)
2617,120616,564,4,3.2404,The Mummy (1999)
2628,120915,1893,2.5,3.07724,Star Wars: Episode I - The Phantom Menace (1999)
2687,120855,37135,3.5,3.49209,Tarzan (1999)
2710,185937,2667,4,2.92285,The Blair Witch Project (1999)
2761,129167,10386,4.5,3.87923,The Iron Giant (1999)
2762,167404,745,4.5,4.0046,The Sixth Sense (1999)
2791,80339,813,4,3.79924,Airplane! (1980)
2810,156887,10494,4,4.00129,Perfect Blue (1998)
2858,169547,14,4.5,4.0954,American Beauty (1999)
2918,91042,9377,4,3.90603,Ferris Bueller's Day Off (1986)
2953,104431,772,3.5,2.77393,Home Alone 2: Lost in New York (1992)
2959,137523,550,5,4.2377,Fight Club (1999)
2997,120601,492,4,3.93273,Being John Malkovich (1999)
3000,119698,128,4.5,4.17038,Princess Mononoke (1997)
3006,140352,9008,3.5,3.89451,The Insider (1999)
3104,95631,9013,4,3.79042,Midnight Run (1988)
3114,120363,863,4,3.80909,Toy Story 2 (1999)
3147,120689,497,4.5,4.04403,The Green Mile (1999)
3160,175880,334,4,3.88011,Magnolia (1999)
3252,105323,9475,4.5,3.78269,Scent of a Woman (1992)
3362,72890,968,5,3.95505,Dog Day Afternoon (1975)
3462,27977,3082,4,4.07559,Modern Times (1936)
3499,100157,1700,4,3.7777,Misery (1990)
3504,74958,10774,4.5,4.00625,Network (1976)
3535,144084,1359,4,3.70412,American Psycho (2000)
3578,172495,98,5,3.97449,Gladiator (2000)
3676,74486,985,3.5,3.65779,Eraserhead (1977)
3735,70666,9040,4,3.90247,Serpico (1973)
3949,180093,641,4.5,3.98385,Requiem for a Dream (2000)
3996,190332,146,4,3.83389,"Crouching Tiger, Hidden Dragon (2000)"
4011,208092,107,5,4.06915,Snatch (2000)
4022,162222,8358,4,3.69474,Cast Away (2000)
4034,181865,1900,4,3.78328,Traffic (2000)
4144,118694,843,4,4.05434,In the Mood for Love (2000)
4226,209144,77,5,4.1372,Memento (2000)
4235,245712,55,4,3.98828,Amores Perros (2000)
4262,86250,111,4,3.94117,Scarface (1983)
4776,139654,2034,4,3.74709,Training Day (2001)
4848,166924,1018,4,3.85919,Mulholland Drive (2001)
4878,246578,141,3.5,3.93351,Donnie Darko (2001)
4886,198781,585,4,3.83802,"Monsters, Inc. (2001)"
4973,211915,194,4.5,4.08142,Amélie (2001)
4979,265666,9428,4,3.78441,The Royal Tenenbaums (2001)
4993,120737,120,4.5,4.10266,The Lord of the Rings: The Fellowship of the Ring (2001)
4995,268978,453,4,3.96319,A Beautiful Mind (2001)
5010,265086,855,4,3.69409,Black Hawk Down (2001)
5291,42876,548,4,4.09297,Rashomon (1950)
5378,121765,1894,3,3.03017,Star Wars: Episode II - Attack of the Clones (2002)
5388,278504,320,4,3.4937,Insomnia (2002)
5618,245429,129,3.5,4.22227,Spirited Away (2001)
5673,272338,8051,4,3.57912,Punch-Drunk Love (2002)
5690,95327,12477,3.5,4.10224,Grave of the Fireflies (1988)
5902,268126,2757,4,3.84781,Adaptation. (2002)
5952,167261,121,4.5,4.08551,The Lord of the Rings: The Two Towers (2002)
5956,217505,3131,4,3.56531,Gangs of New York (2002)
5989,264464,640,4,3.96882,Catch Me If You Can (2002)
5995,253474,423,4.5,4.05696,The Pianist (2002)
6001,85794,262,4,3.86177,The King of Comedy (1982)
6016,317248,598,4.5,4.17984,City of God (2002)
6365,234215,604,3.5,3.38246,The Matrix Reloaded (2003)
6377,266543,12,4,3.81569,Finding Nemo (2003)
6502,289043,170,4,3.77728,28 Days Later (2002)
6539,325980,22,4.5,3.78945,Pirates of the Caribbean: The Curse of the Black Pearl (2003)
6669,44741,3782,4.5,4.10148,Ikiru (1952)
6711,335266,153,4,3.79496,Lost in Translation (2003)
6818,91251,25237,3.5,4.14453,Come and See (1985)
6870,327056,322,4.5,3.81459,Mystic River (2003)
6874,266697,24,4,3.8591,Kill Bill: Vol. 1 (2003)
6934,242653,605,3,3.24519,The Matrix Revolutions (2003)
6942,314331,508,4.5,3.68832,Love Actually (2003)
6953,315733,470,4,3.67497,21 Grams (2003)
6975,119167,10234,4,3.77354,Funny Games (1997)
7022,266308,3176,3,3.78688,Battle Royale (2000)
7143,325710,616,4,3.67139,The Last Samurai (2003)
7147,319061,587,4,3.79698,Big Fish (2003)
7153,167260,122,5,4.1163,The Lord of the Rings: The Return of the King (2003)
7327,60827,797,4,4.06589,Persona (1966)
7361,338013,38,5,4.06749,Eternal Sunshine of the Spotless Mind (2004)
7438,378194,393,4,3.82631,Kill Bill: Vol. 2 (2004)
7926,57565,12493,5,4.15825,High and Low (1963)
7982,365376,4552,4,3.62249,A Tale of Two Sisters (2003)
8014,374546,113,4,3.98805,"Spring, Summer, Fall, Winter... and Spring (2003)"
8529,362227,594,4,3.62237,The Terminal (2004)
8638,381681,80,4,4.0049,Before Sunset (2004)
8798,369339,1538,3.5,3.6997,Collateral (2004)
8874,365748,747,4,3.87616,Shaun of the Dead (2004)
8950,361862,4553,4,3.80301,The Machinist (2004)
8957,387564,176,3.5,3.29262,Saw (2004)
8961,317705,9806,4,3.84619,The Incredibles (2004)
26082,56058,14537,5,4.18437,Harakiri (1962)
27773,364569,670,4.5,4.09163,Oldboy (2003)
30707,405159,70,4,3.82154,Million Dollar Baby (2004)
30749,395169,205,4,3.96043,Hotel Rwanda (2004)
30810,362270,421,3.5,3.71026,The Life Aquatic with Steve Zissou (2004)
31364,353969,11423,5,4.05384,Memories of Murder (2003)
31410,363163,613,4,3.9987,Downfall (2004)
31658,347149,4935,4,4.12188,Howl's Moving Castle (2004)
31696,360486,561,4,3.49911,Constantine (2005)
31878,373074,9470,4,3.7633,Kung Fu Hustle (2004)
32587,401792,187,4,3.75011,Sin City (2005)
33493,121766,1895,3,3.39653,Star Wars: Episode III - Revenge of the Sith (2005)
33794,372784,272,4.5,3.92109,Batman Begins (2005)
37729,121164,3933,4,3.54902,Corpse Bride (2005)
38061,373469,5236,4,3.83027,Kiss Kiss Bang Bang (2005)
39446,432348,215,3,2.93557,Saw II (2005)
40732,435625,9392,3.5,3.54327,The Descent (2005)
41569,360717,254,4,3.18279,King Kong (2005)
44555,405094,582,4,4.18922,The Lives of Others (2006)
45186,317919,956,3.5,3.37529,Mission: Impossible III (2006)
45517,317219,920,4.5,3.34575,Cars (2006)
45722,383574,58,3,3.4802,Pirates of the Caribbean: Dead Man's Chest (2006)
46578,449059,773,4,3.86675,Little Miss Sunshine (2006)
46723,449467,1164,4,3.62058,Babel (2006)
47099,454921,1402,4.5,3.83871,The Pursuit of Happyness (2006)
47610,443543,1491,3.5,3.80095,The Illusionist (2006)
48385,443453,496,4,3.42816,Borat: Cultural Learnings of America for Make Benefit Glorious Nation of Kazakhstan (2006)
48394,457430,1417,4.5,3.96832,Pan's Labyrinth (2006)
48516,407887,1422,4.5,4.13321,The Departed (2006)
48774,206634,9693,4,3.9229,Children of Men (2006)
48780,482571,1124,4.5,4.12384,The Prestige (2006)
49272,381061,36557,4,3.8388,Casino Royale (2006)
49530,450259,1372,4,3.84748,Blood Diamond (2006)
50872,382932,2062,4.5,3.83916,Ratatouille (2007)
51255,425112,4638,4,3.87516,Hot Fuzz (2007)
51540,443706,1949,4,3.79926,Zodiac (2007)
53125,449088,285,3.5,3.40271,Pirates of the Caribbean: At World's End (2007)
53519,1028528,1991,3,3.54553,Death Proof (2007)
53972,337978,1571,3,3.41044,Live Free or Die Hard (2007)
54503,829482,8363,4,3.77488,Superbad (2007)
54997,381849,5176,4,3.72095,3:10 to Yuma (2007)
55052,783233,4347,4,3.75996,Atonement (2007)
55118,765443,2252,4,3.80823,Eastern Promises (2007)
55269,838221,4538,4.5,3.71661,The Darjeeling Limited (2007)
55290,452623,4771,4,3.80684,Gone Baby Gone (2007)
55363,443680,4512,4.5,3.66557,The Assassination of Jesse James by the Coward Robert Ford (2007)
55765,765429,4982,3.5,3.80766,American Gangster (2007)
55820,477348,6977,4,4.06491,No Country for Old Men (2007)
55908,756683,13363,4,3.94631,The Man from Earth (2007)
56174,480249,6479,4,3.5211,I Am Legend (2007)
56367,467406,7326,4,3.7018,Juno (2007)
56782,469494,7345,4.5,4.039,There Will Be Blood (2007)
57183,986264,7508,4,3.96565,Like Stars on Earth (2007)
57274,1038988,8329,4,3.70122,[REC] (2007)
57669,780536,8321,3.5,3.91212,In Bruges (2008)
58559,468569,155,5,4.18786,The Dark Knight (2008)
59315,371746,1726,4,3.82002,Iron Man (2008)
59784,441773,9502,4.5,3.63676,Kung Fu Panda (2008)
60069,910970,10681,4.5,4.01554,WALL·E (2008)
60684,409459,13183,5,3.6877,Watchmen (2009)
61132,942385,7446,4.5,3.44824,Tropic Thunder (2008)
61240,1139797,13310,4,3.9393,Let the Right One In (2008)
61323,887883,4944,4,3.56765,Burn After Reading (2008)
62511,383028,4960,4.5,3.86369,"Synecdoche, New York (2008)"
63082,1010048,12405,4,3.82454,Slumdog Millionaire (2008)
64034,914798,14574,4,3.76828,The Boy in the Striped Pyjamas (2008)
64614,1205489,13223,4,3.88748,Gran Torino (2008)
64839,1125849,12163,4,3.79465,The Wrestler (2008)
64993,983213,38142,3,3.76779,5 Centimeters per Second (2007)
66097,327597,14836,4,3.76759,Coraline (2009)
68157,361748,16869,5,4.04454,Inglourious Basterds (2009)
68237,1182345,17431,4,4.00588,Moon (2009)
68954,1049413,14160,4.5,3.95754,Up (2009)
69481,887912,12162,4,3.72308,The Hurt Locker (2008)
69757,1022603,19913,4,3.72506,(500) Days of Summer (2009)
70286,1136608,17654,4,3.80756,District 9 (2009)
71033,1305806,25376,4,4.00316,The Secret in Their Eyes (2009)
71899,978762,24238,4,3.92028,Mary and Max (2009)
72226,432283,10315,4,3.8996,Fantastic Mr. Fox (2009)
72641,878804,22881,4,3.65266,The Blind Side (2009)
72998,499549,19995,3.5,3.59551,Avatar (2009)
73017,988045,10528,4.5,3.73521,Sherlock Holmes (2009)
73290,1028532,28178,4,3.77745,Hachi: A Dog's Tale (2009)
73808,1190539,13855,4,3.8954,The Chaser (2008)
73881,1187043,20453,4.5,3.97632,3 Idiots (2009)
74458,1130884,11324,4,4.00812,Shutter Island (2010)
76091,1216496,30018,4,3.84496,Mother (2009)
76093,892769,10191,4,3.91004,How to Train Your Dragon (2010)
76251,1250777,23483,3.5,3.58485,Kick-Ass (2010)
77561,1228705,10138,3.5,3.41268,Iron Man 2 (2010)
78039,1120985,46705,4,3.6792,Blue Valentine (2010)
78499,435761,10193,4.5,3.81919,Toy Story 3 (2010)
79132,1375666,27205,5,4.17271,Inception (2010)
79702,446029,22538,4,3.77289,Scott Pilgrim vs. the World (2010)
80463,1285016,37799,4,3.7906,The Social Network (2010)
80489,840361,23168,4,3.73814,The Town (2010)
81591,947798,44214,5,3.79658,Black Swan (2010)
81819,1164999,45958,4,3.64469,Biutiful (2010)
81834,926084,12444,3.5,3.82669,Harry Potter and the Deathly Hallows: Part 1 (2010)
81845,1504320,45269,4,3.90023,The King's Speech (2010)
81847,398286,38757,4,3.72425,Tangled (2010)
81932,964517,45317,4,3.81588,The Fighter (2010)
82667,1588170,49797,4.5,3.80278,I Saw the Devil (2010)
84944,1192628,44896,4.5,3.39929,Rango (2011)
85414,945513,45612,4,3.7533,Source Code (2011)
86332,800369,10195,3,3.29695,Thor (2011)
86781,1255953,46738,4.5,4.043,Incendies (2010)
86880,1298650,1865,3,3.24143,Pirates of the Caribbean: On Stranger Tides (2011)
86882,1605783,59436,4.5,3.76791,Midnight in Paris (2011)
86892,1527788,51608,4,3.82649,The Man from Nowhere (2010)
87232,1270798,49538,3.5,3.68468,X-Men: First Class (2011)
88125,1201607,12445,4,3.88642,Harry Potter and the Deathly Hallows: Part 2 (2011)
88129,780504,64690,4.5,3.85409,Drive (2011)
88163,1570728,50646,4,3.75174,"Crazy, Stupid, Love. (2011)"
88810,1454029,50014,4,3.86512,The Help (2011)
89118,1189073,63311,3.5,3.75932,The Skin I Live In (2011)
89492,1210166,60308,4,3.91006,Moneyball (2011)
89745,848228,24428,4,3.72554,The Avengers (2012)
89759,1832382,60243,4,3.96542,A Separation (2011)
90376,1242460,71859,3.5,3.68227,We Need to Talk About Kevin (2011)
91529,1345836,49026,4.5,3.96784,The Dark Knight Rises (2012)
91542,1515091,58574,4.5,3.70988,Sherlock Holmes: A Game of Shadows (2011)
91630,1229238,56292,4.5,3.6691,Mission: Impossible - Ghost Protocol (2011)
91658,1568346,65754,3.5,3.81164,The Girl with the Dragon Tattoo (2011)
92259,1675434,77338,4.5,4.11804,The Intouchables (2011)
93570,1646959,59421,3.5,3.58286,Bedevilled (2010)
93838,1899353,94329,4,3.81697,The Raid (2012)
93840,1259521,22970,3.5,3.64934,The Cabin in the Woods (2012)
94864,1446714,70981,4.5,3.38287,Prometheus (2012)
94959,1748122,83666,4.5,3.953,Moonrise Kingdom (2012)
95167,1217209,62177,4,3.48356,Brave (2012)
96079,1074638,37724,4.5,3.74474,Skyfall (2012)
96610,1276104,59967,4,3.6483,Looper (2012)
96728,1560747,68722,4,3.65144,The Master (2012)
96811,1855199,77016,4,3.78046,End of Watch (2012)
96821,1659337,84892,5,3.8247,The Perks of Being a Wallflower (2012)
96829,2106476,103663,5,4.07693,The Hunt (2012)
97188,1922777,82507,4,3.54866,Sinister (2012)
97304,1024648,68734,4.5,3.76087,Argo (2012)
97306,1931533,86838,4,3.65696,Seven Psychopaths (2012)
97921,1045658,82693,4,3.69548,Silver Linings Playbook (2012)
97938,454876,87827,4.5,3.66714,Life of Pi (2012)
98056,1602620,86837,3.5,3.83581,Amour (2012)
98809,903624,49051,4,3.61163,The Hobbit: An Unexpected Journey (2012)
98961,1790885,97630,4,3.70868,Zero Dark Thirty (2012)
99114,1853728,68718,4,4.03855,Django Unchained (2012)
100714,2209418,132344,4.5,3.95152,Before Midnight (2013)
101525,1817273,97367,4.5,3.67973,The Place Beyond the Pines (2013)
102125,1300854,68721,3.5,3.44882,Iron Man 3 (2013)
102407,1343092,64682,3.5,3.47612,The Great Gatsby (2013)
102993,1727388,147773,4.5,3.75671,The Way Way Back (2013)
103141,1453405,62211,3.5,3.44815,Monsters University (2013)
103688,1457767,138843,4,3.67653,The Conjuring (2013)
104374,2194499,122906,4.5,3.97211,About Time (2013)
104841,1454468,49047,4.5,3.59692,Gravity (2013)
104879,1392214,146233,4.5,4.04961,Prisoners (2013)
104913,1979320,96721,4,3.86878,Rush (2013)
106100,790636,152532,4,3.90026,Dallas Buyers Club (2013)
106782,993846,106646,4,3.9491,The Wolf of Wall Street (2013)
106916,1800241,168672,3.5,3.52811,American Hustle (2013)
106918,359950,116745,4.5,3.69527,The Secret Life of Walter Mitty (2013)
106920,1798709,152601,4.5,3.89767,Her (2013)
108729,2316411,181886,4,3.5732,Enemy (2014)
108932,1490017,137106,4.5,3.67086,The Lego Movie (2014)
109374,2278388,120467,4,4.02616,The Grand Budapest Hotel (2014)
109487,816692,157336,5,4.16287,Interstellar (2014)
109633,2591814,198375,4,3.76058,The Garden of Words (2013)
110501,2265171,180299,4,3.77967,The Raid 2 (2014)
111362,1877832,127585,3.5,3.68456,X-Men: Days of Future Past (2014)
111759,1631867,137113,4,3.96616,Edge of Tomorrow (2014)
111781,2381249,177677,4,3.66319,Mission: Impossible - Rogue Nation (2015)
112175,1646971,82702,3.5,3.72408,How to Train Your Dragon 2 (2014)
112183,2562232,194662,5,3.7246,Birdman or (The Unexpected Virtue of Ignorance) (2014)
112290,1065073,85350,4,3.78953,Boyhood (2014)
112515,2321549,242224,3,3.51449,The Babadook (2014)
112552,2582802,244786,5,4.15903,Whiplash (2014)
112556,2267998,210577,4.5,3.95813,Gone Girl (2014)
112852,2015381,118340,4,3.90498,Guardians of the Galaxy (2014)
114662,2179136,190859,4,3.47837,American Sniper (2014)
115122,3416742,246741,4,4.00982,What We Do in the Shadows (2014)
115569,2872718,242582,4,3.98035,Nightcrawler (2014)
115617,2245084,177572,4,3.86221,Big Hero 6 (2014)
115713,470752,264660,4,3.98622,Ex Machina (2015)
116797,2084970,205596,4,3.99818,The Imitation Game (2014)
116897,3011894,265195,4.5,4.09199,Wild Tales (2014)
119145,2802144,207703,4,3.80153,Kingsman: The Secret Service (2015)
120138,2338151,297222,4,3.77051,PK (2014)
120311,3417422,244049,4,3.87288,Drishyam (2013)
121231,3235888,270303,3.5,3.63966,It Follows (2015)
122882,1392190,76341,4.5,3.87582,Mad Max: Fury Road (2015)
122886,2488496,140607,4,3.5845,Star Wars: The Force Awakens (2015)
122904,1431045,293660,4,3.85026,Deadpool (2016)
122906,1825683,284054,3.5,3.58867,Black Panther (2018)
122912,4154756,299536,4.5,3.91729,Avengers: Infinity War (2018)
122914,4154796,299534,4,3.89084,Avengers: Endgame (2019)
122916,3501632,284053,3.5,3.85738,Thor: Ragnarok (2017)
122920,3498820,271110,4.5,3.6782,Captain America: Civil War (2016)
122924,3385516,246655,3,3.15754,X-Men: Apocalypse (2016)
127202,2582496,308369,4,3.83869,Me and Earl and the Dying Girl (2015)
128360,3460252,273248,4,3.88517,The Hateful Eight (2015)
133771,3464902,254320,3.5,3.65661,The Lobster (2015)
134130,3659388,286217,4,4.02559,The Martian (2015)
134853,2096673,150540,4.5,3.91027,Inside Out (2015)
136864,2975590,209112,4,2.70118,Batman v Superman: Dawn of Justice (2016)
139385,1663202,281957,4,3.77721,The Revenant (2015)
139644,3397884,273481,4.5,3.90265,Sicario (2015)
139855,2401878,291270,4,3.57179,Anomalisa (2015)
140174,3170832,264644,4,3.93716,Room (2015)
140267,4263482,310131,5,3.77853,The Witch (2016)
141866,4062536,313922,3.5,3.65156,Green Room (2016)
142488,1895587,314365,4,4.07219,Spotlight (2015)
148626,1596363,318846,4,4.06459,The Big Short (2015)
149334,4550098,340666,4.5,3.716,Nocturnal Animals (2016)
152077,1179933,333371,4,3.73205,10 Cloverfield Lane (2016)
152081,2948356,269149,4,3.84548,Zootopia (2016)
152970,4698684,371645,4,4.00697,Hunt for the Wilderpeople (2016)
158238,3799694,290250,4,3.78092,The Nice Guys (2016)
158783,4016934,290098,4,4.10105,The Handmaiden (2016)
158966,3553976,334533,4.5,3.90723,Captain Fantastic (2016)
159061,5215952,293670,4.5,3.80015,The Wailing (2016)
161582,2582782,338766,4,3.89546,Hell or High Water (2016)
162082,5700672,396535,4,3.8504,Train to Busan (2016)
163134,5311514,372058,5,4.13973,Your Name. (2016)
163645,2119532,324786,4,3.89095,Hacksaw Ridge (2016)
164179,2543164,329865,4,4.05082,Arrival (2016)
164909,3783958,313369,5,3.74151,La La Land (2016)
165549,4034228,334541,4.5,3.87395,Manchester by the Sea (2016)
165603,3289956,397243,4,3.50657,The Autopsy of Jane Doe (2016)
166291,5323662,378064,3.5,4.04841,A Silent Voice: The Movie (2016)
166461,3521164,277834,4,3.78848,Moana (2016)
166534,4972582,381288,4,3.59364,Split (2017)
166946,4276820,310307,3.5,3.74026,The Founder (2016)
167392,5074352,360814,4,3.88659,Dangal (2016)
167746,4116284,324849,4,3.59306,The Lego Batman Movie (2017)
167832,4857264,411088,4,4.01211,The Invisible Guest (2017)
168248,4425200,324552,4,3.80949,John Wick: Chapter 2 (2017)
168250,5052448,419430,4.5,3.98471,Get Out (2017)
168252,3315342,263115,4.5,3.90976,Logan (2017)
168492,5726616,398818,4,3.92723,Call Me by Your Name (2017)
168610,6265828,428449,4.5,3.46917,A Ghost Story (2017)
170705,185906,331214,5,4.41339,Band of Brothers (2001)
171011,5491994,420714,5,4.42794,Planet Earth II (2016)
171749,877057,419787,4.5,4.00448,Death Note: Desu nôto (2006–2007) ()
171763,3890160,339403,4,3.79572,Baby Driver (2017)
173197,4995790,401246,3,3.62084,The Square (2017)
174055,5013056,374720,3.5,3.78243,Dunkirk (2017)
174727,4846232,429200,4,3.858,Good Time (2017)
175303,1396484,346364,4,3.49636,It (2017)
175569,5362988,395834,4,3.87192,Wind River (2017)
176371,1856101,335984,4,3.96411,Blade Runner 2049 (2017)
177593,5027774,359940,4.5,3.98801,"Three Billboards Outside Ebbing, Missouri (2017)"
177615,4925292,391713,4.5,3.79051,Lady Bird (2017)
177651,5649144,394117,4,3.90597,The Florida Project (2017)
177689,5715874,399057,3.5,3.65026,The Killing of a Sacred Deer (2017)
177765,2380307,354912,4,4.00399,Coco (2017)
178061,5580036,389015,4,3.75128,"I, Tonya (2017)"
179135,6769208,463612,4.5,4.30365,Blue Planet II (2017)
179819,2527336,181808,4,3.21697,Star Wars: The Last Jedi (2017)
180031,5580390,399055,4,3.4895,The Shape of Water (2017)
180045,4209788,396371,4,3.76503,Molly's Game (2017)
180095,2543472,406997,4,3.77362,Wonder (2017)
182715,2798920,300668,4,3.59366,Annihilation (2018)
183125,6148156,432139,4,3.79487,Vikram Vedha (2017)
183869,7784604,493922,4,3.86882,Hereditary (2018)
183897,5104604,399174,4,3.84202,Isle of Dogs (2018)
185029,6644200,447332,4,3.69498,A Quiet Place (2018)
188623,7282468,491584,4,3.80651,Burning (2018)
188773,8075192,505192,4.5,4.02382,Shoplifters (2018)
188829,8267604,517814,5,3.9436,Capernaum (2018)
189041,5052474,400535,4,3.55446,Sicario: Day of the Soldado (2018)
189333,4912910,353081,4,3.80278,Mission: Impossible - Fallout (2018)
189713,7349662,487558,4,3.72269,BlacKkKlansman (2018)
192379,1213641,369972,4,3.6002,First Man (2018)
192383,1226837,451915,4,3.76554,Beautiful Boy (2018)
192803,1727824,424694,3.5,3.68373,Bohemian Rhapsody (2018)
194448,6966692,490132,4,3.96239,Green Book (2018)
194696,8108198,534780,4,3.85799,Andhadhun (2018)
195159,4633694,324857,4,4.17961,Spider-Man: Into the Spider-Verse (2018)
195163,4701182,424783,3,3.24043,Bumblebee (2018)
197711,6857112,458723,3.5,3.54404,Us (2019)
198149,1262426,402431,4,3.49619,Wicked (2024)
200818,6146586,458156,4,3.76671,John Wick: Chapter 3 - Parabellum (2019)
200820,3741700,373571,3,2.90165,Godzilla: King of the Monsters (2019)
201340,7984734,503919,4,3.79139,The Lighthouse (2019)
201646,8772262,530385,4,3.78729,Midsommar (2019)
202429,7131622,466272,4,3.77698,Once Upon a Time... in Hollywood (2019)
202439,6751668,496243,4.5,4.30775,Parasite (2019)
202749,8613070,531428,4.5,4.0336,Portrait of a Lady on Fire (2019)
203322,4364194,463257,4,3.82427,The Peanut Butter Falcon (2019)
203375,1950186,359724,3.5,3.96631,Ford v Ferrari (2019)
203519,6806448,384018,2.5,3.10643,Fast & Furious Presents: Hobbs & Shaw (2019)
203847,8413338,575351,5,4.19355,Kumbalangi Nights (2019)
204158,9426210,568160,4.5,3.77279,Weathering with You (2019)
204542,7349950,474350,3,3.09136,It Chapter Two (2019)
204698,7286456,475557,5,3.89561,Joker (2019)
205072,1560220,338967,3.5,3.27099,Zombieland: Double Tap (2019)
205156,2584384,515001,4,3.96722,Jojo Rabbit (2019)
205441,7653254,492188,4.5,3.78033,Marriage Story (2019)
206246,8228288,619264,3.5,3.61578,The Platform (2019)
206857,1302006,398978,4.5,3.65707,The Irishman (2019)
207313,8946378,546554,4,4.03642,Knives Out (2019)
207405,5606664,501170,4,3.53779,Doctor Sleep (2019)
208020,7060344,412862,4,3.5303,Ratsasan (2018)
208205,2527338,181812,3,2.77823,Star Wars: The Rise of Skywalker (2019)
208703,8579674,530915,4,4.03837,1917 (2019)
208939,4729430,508965,4,3.93787,Klaus (2019)
209315,3281548,331482,4,3.82703,Little Women (2019)
209965,5727208,473033,4.5,3.76973,Uncut Gems (2019)
210569,7713068,495764,3.5,2.99745,Birds of Prey (and the Fantabulous Emancipation of One Harley Quinn) (2020)
210861,8367814,522627,4,3.8765,The Gentlemen (2020)
212361,5363618,502033,4,3.86055,Sound of Metal (2020)
212461,1051906,570670,4,3.4739,The Invisible Man (2020)
213347,8332922,520763,4.5,3.51085,A Quiet Place Part II (2021)
213397,9620292,582014,4.5,3.67476,Promising Young Woman (2020)
213604,9731534,547565,3,3.39693,The Night House (2021)
215353,10633456,615643,4.5,3.70087,Minari (2021)
217465,6723592,577922,3.5,3.5665,Tenet (2020)
217655,8503618,556574,4,3.78384,Hamilton (2025)
218537,9484998,587792,3.5,3.87252,Palm Springs (2020)
219994,10272386,600354,5,3.99629,The Father (2020)
220380,9243804,559907,4,3.49962,The Green Knight (2021)
222248,8110330,645484,3,3.08621,Dil Bechara (2020)
222477,7126948,464052,2,2.4612,Wonder Woman 1984 (2020)
223204,8847712,542178,5,3.58353,The French Dispatch (2021)
223944,11464826,656690,4.5,3.62199,The Social Dilemma (2020)
224052,5198068,441130,4.5,3.90279,Wolfwalkers (2020)
224264,7979580,501929,5,3.69797,The Mitchells vs. the Machines (2021)
224280,2382320,370172,4,3.51262,No Time to Die (2021)
224338,11161474,641662,4,3.37436,Pieces of a Woman (2020)
225145,9770150,581734,3.5,3.57625,Nomadland (2021)
225173,2948372,508442,4,3.89714,Soul (2020)
225758,11989890,664280,4.5,4.05241,David Attenborough: A Life on Our Planet (2020)
225776,10944760,630240,3.5,3.31494,Titane (2021)
225970,10618286,614560,3.5,3.1798,Mank (2020)
225984,10288566,580175,4,3.82255,Another Round (2020)
226202,6264654,550988,3.5,3.49087,Free Guy (2021)
226270,1070874,556984,4.5,3.8342,The Trial of the Chicago 7 (2020)
226886,5867314,516632,4,3.20667,The Empty Man (2020)
231057,3661210,532865,4.5,3.54004,The Dig (2021)
233555,10016180,602269,3,3.05797,The Little Things (2021)
233993,9784798,583406,4,3.69565,Judas and the Black Messiah (2021)
236991,10366460,776503,4,3.91337,CODA (2021)
239254,11389748,423333,4.5,3.74123,Mass (2021)
240682,12361178,706872,3.5,3.79167,Drishyam 2 (2021)
241272,7888964,615457,4,3.68504,Nobody (2021)
242774,3480822,497698,3,3.11738,Black Widow (2021)
242894,5034838,399566,3.5,2.98316,Godzilla vs. Kong (2021)
242906,11291274,648579,4,3.44666,The Unbearable Weight of Massive Talent (2022)
243642,12361974,791373,4,3.43616,Zack Snyder's Justice League (2021)
244178,11138512,639933,4.5,3.51782,The Northman (2022)
244334,11083552,637649,3.5,3.51351,Wrath of Man (2021)
247988,12801262,508943,4,3.61936,Luca (2021)
248702,13206926,791779,4,3.55556,Joji (2021)
249540,3228774,337404,4,3.50574,Cruella (2021)
250010,14544192,823754,5,3.94995,Bo Burnham: Inside (2021)
250546,11337862,691179,4,3.1806,Friends: The Reunion (2021)
250968,1321510,467909,3,3.46356,In the Heights (2021)
251086,6334354,436969,4,3.4422,The Suicide Squad (2021)
251234,7069210,423108,3.5,3.16949,The Conjuring: The Devil Made Me Do It (2021)
252180,11003218,635731,4.5,3.57834,Pig (2021)
253690,10370710,660120,3.5,3.81411,The Worst Person in the World (2021)
254070,10919240,665133,4,3.75,Malik (2021)
254178,9812474,788929,3.5,3.25166,Lamb (2021)
254724,8110232,524369,3.5,2.85532,The Many Saints of Newark (2021)
254726,1160419,438631,4.5,3.97237,Dune (2021)
255335,9376612,566525,3.5,3.44392,Shang-Chi and the Legend of the Ten Rings (2021)
255337,7097896,580489,3.5,2.92515,Venom: Let There Be Carnage (2021)
256567,8430054,680813,4,3.87909,Flee (2021)
257037,14039582,758866,4,3.80013,Drive My Car (2021)
257281,10095582,591538,3.5,3.45346,The Tragedy of Macbeth (2021)
257751,3811906,619778,3,3.09037,Malignant (2021)
258451,9639470,576845,3.5,3.43538,Last Night in Soho (2021)
258881,10986222,632617,4.5,3.63605,C'mon C'mon (2021)
259659,4244994,617653,4.5,3.5687,The Last Duel (2021)
259665,12789558,777270,4,3.44512,Belfast (2021)
260243,10293406,600583,4,3.42052,The Power of the Dog (2021)
260617,11271038,718032,3.5,3.46028,Licorice Pizza (2021)
261705,8721424,537116,4,3.65915,"tick, tick... BOOM! (2021)"
263005,3581652,511809,4,3.37752,West Side Story (2021)
263007,10872600,634649,3.5,3.82533,Spider-Man: No Way Home (2021)
263405,7740496,597208,3.5,3.40815,Nightmare Alley (2021)
263407,11286314,646380,4,3.40665,Don't Look Up (2021)
263973,11214590,644495,3.5,3.08824,House of Gucci (2021)
265460,7144666,756999,3.5,3.33182,The Black Phone (2022)
266002,5537002,466420,4,3.61305,Killers of the Flower Moon (2023)
267456,13833688,785084,4.5,3.6026,The Whale (2022)
267654,16116174,899082,4,3.3739,Harry Potter 20th Anniversary: Return to Hogwarts (2022)
268642,1877830,414906,4.5,3.71289,The Batman (2022)
269226,11466222,656663,4,3.17342,Jackass Forever (2022)
270698,6710474,545611,4.5,4.03128,Everything Everywhere All at Once (2022)
271134,14376344,814340,4,3.46341,Cha Cha Real Smooth (2022)
272525,9419884,453395,3.5,3.19231,Doctor Strange in the Multiverse of Madness (2022)
273891,12593682,718930,4,3.66883,Bullet Train (2022)
274053,1745960,361743,5,3.89955,Top Gun: Maverick (2022)
275167,12477480,705996,4.5,3.68416,Decision to Leave (2022)
275245,10954984,762504,3.5,3.49026,Nope (2022)
275503,19770238,965150,5,3.97361,Aftersun (2022)
276317,5113044,438148,2.5,3.13877,Minions: The Rise of Gru (2022)
276929,11866324,766507,3.5,3.48918,Prey (2022)
277028,12262116,698948,4.5,3.84411,Thirteen Lives (2022)
277066,7322224,497828,4,3.66345,Triangle of Sadness (2022)
278176,14444726,817758,4,3.75373,TÁR (2022)
278420,17076046,928344,4,3.44186,Weird: The Al Yankovic Story (2022)
278446,11813216,674324,4,3.84992,The Banshees of Inisherin (2022)
278578,1016150,49046,4,3.85269,All Quiet on the Western Front (2022)
278586,15791034,913290,4.5,3.50728,Barbarian (2022)
278690,10304142,664469,3.5,2.87624,Amsterdam (2022)
278702,11564570,661374,3.5,3.59445,Glass Onion: A Knives Out Mystery (2022)
278980,14208870,804095,3.5,3.66164,The Fabelmans (2022)
279182,15474916,882598,3.5,3.29474,Smile (2022)
279414,9114286,505642,3.5,3.05065,Black Panther: Wakanda Forever (2022)
279458,12818328,1019939,5,3.66422,Hundreds of Beavers (2024)
279762,15364972,870518,4,3.31765,Sanctuary (2023)
279812,9764362,593643,4,3.64839,The Menu (2022)
280038,11555492,856437,4,3.73529,Farha (2021)
280184,12625756,721636,4,3.33333,Churuli (2021)
280202,10638522,1008042,4.5,3.59607,Talk to Me (2023)
280218,1630029,76600,4,3.43381,Avatar: The Way of Water (2022)
280868,1488589,555604,4,3.60063,Guillermo del Toro's Pinocchio (2022)
281096,3915174,315162,4,3.92527,Puss in Boots: The Last Wish (2022)
281188,16428256,916224,4.5,3.74474,Suzume (2022)
281190,10640346,615777,3.5,3.38874,Babylon (2022)
282561,7985704,739405,2.5,3.09673,Operation Fortune: Ruse de Guerre (2023)
283139,14846026,840326,3.5,3.36806,Sisu (2022)
283577,13238346,666277,4.5,3.91748,Past Lives (2023)
283873,10366206,603692,4,3.68772,John Wick: Chapter 4 (2023)
284293,4873118,882569,3.5,3.68982,Guy Ritchie's The Covenant (2023)
285301,2906216,493529,4,3.68045,Dungeons & Dragons: Honor Among Thieves (2023)
285593,6791350,447365,4,3.73172,Guardians of the Galaxy Vol. 3 (2023)
285851,16419074,964980,4,3.52464,Air (2023)
286355,13521006,798286,3.5,3.49171,Beau Is Afraid (2023)
286357,13345606,713704,3.5,3.1917,Evil Dead Rise (2023)
286783,14230458,792307,4,3.7223,Poor Things (2023)
286897,9362722,569094,5,4.13762,Spider-Man: Across the Spider-Verse (2023)
286901,439572,298618,3.5,2.85565,The Flash (2023)
286905,1462764,335977,3.5,3.10654,Indiana Jones and the Dial of Destiny (2023)
287377,5433140,385687,2.5,2.69312,Fast X (2023)
287691,27503384,976893,4,4.03721,Perfect Days (2023)
287699,15398776,872585,4.5,3.94574,Oppenheimer (2023)
287805,7160372,467244,4,3.68914,The Zone of Interest (2023)
288265,9603212,575264,3.5,3.67145,Mission: Impossible - Dead Reckoning Part One (2023)
288513,1517268,346698,4,3.45047,Barbie (2023)
288773,17009710,915935,4,3.8558,Anatomy of a Fall (2023)
288807,23736044,1050035,4.5,3.91667,Monster (2023)
289741,21807222,951491,3.5,2.99158,Saw X (2023)
290381,1136617,800158,4,3.28639,The Killer (2023)
290573,11858890,670292,3,3.12628,The Creator (2023)
291479,16300962,744857,3.5,3.54887,When Evil Lurks (2023)
292163,14849194,840430,5,3.8945,The Holdovers (2023)
292849,14966898,938614,3.5,3.55297,Late Night with the Devil (2024)
294477,21192142,994108,4,3.64,All of Us Strangers (2023)
294561,23289160,940721,4,3.78477,Godzilla Minus One (2023)
295411,21064584,850165,4,3.70244,The Iron Claw (2023)
295763,16277242,906126,4.5,3.79516,Society of the Snow (2023)
296045,1684562,746036,3.5,3.38352,The Fall Guy (2024)
296831,15239678,693134,5,4.14781,Dune: Part Two (2024)
298129,21823606,1013850,4,3.6112,A Real Pain (2024)
298227,26458038,1069945,4.5,3.84091,Manjummel Boys (2024)
298895,27302079,957926,4,4.25,Aattam (2024)
298947,12037194,786892,4,3.61131,Furiosa: A Mad Max Saga (2024)
298973,27802490,838209,3.5,3.59,Exhuma (2024)
299433,16426418,937287,4,3.55938,Challengers (2024)
299925,11375428,653221,3,4,Hridayam (2022)
300083,26660021,1084812,4,3.66667,Aavesham (2024)
300201,22022452,1022789,4,3.62759,Inside Out 2 (2024)
300909,17526714,933260,4.5,3.55766,The Substance (2024)
301151,12735488,801688,2.5,3.2931,Kalki 2898-AD (2024)
301309,6263850,533535,4,3.53378,Deadpool & Wolverine (2024)
301335,28607951,1064213,4.5,3.65011,Anora (2024)
301345,26470109,1216191,4,3.40217,Oddity (2024)
301765,23468450,1226578,3.5,3.24589,Longlegs (2024)
302437,28479262,1155828,4,3.86047,Sing Sing (2024)
302465,26548265,1118224,3.5,3.79688,Maharaja (2024)
302613,29623480,1184918,4.5,3.96939,The Wild Robot (2024)
302655,31392609,1103621,4.5,3.92373,How to Make Millions Before Grandma Dies (2024)
302719,10534500,859987,4,4.83333,#Home (2021)
302777,18412256,945961,4.5,3.46903,Alien: Romulus (2024)
303937,4772188,823219,4.5,3.8566,Flow (2024)
304025,11315808,889737,3,2.4723,Joker: Folie à Deux (2024)
304061,8999762,549509,4,3.55058,The Brutalist (2024)
304277,12908150,842924,3.5,3.66355,The Life of Chuck (2025)
304425,8864596,698687,4,3.5678,Transformers One (2024)
304475,9218128,558449,3,3.03306,Gladiator II (2024)
304561,28015403,1138194,4,3.49583,Heretic (2024)
304717,15980138,1025125,4,3.6,Kishkindha Kaandam (2024)
305103,15552142,863873,4,3.27211,Caddo Lake (2024)
305271,29268110,1100782,3.5,3.30758,Smile 2 (2024)
305283,20215234,974576,4,3.67869,Conclave (2024)
305475,5040012,426063,4.5,3.48166,Nosferatu (2024)
305631,30505698,1239655,3.5,3.34437,Friendship (2025)
305989,27540542,1239511,3,3.80769,Lucky Baskhar (2024)
306081,14961016,1000837,5,3.84756,I'm Still Here (2024)
306371,11563598,661539,3.5,3.5595,A Complete Unknown (2024)
306847,14260836,799766,4,3.43678,Better Man (2024)
307291,26584495,1084199,4,3.51599,Companion (2025)
307681,32495687,950075,3.5,3.75,Sookshmadarshini (2024)
308403,12299608,696506,3.5,3.36194,Mickey 17 (2025)
309243,31434639,1241436,4.5,3.5251,Warfare (2025)
310293,31193180,1233413,3.5,3.7608,Sinners (2025)
311085,20969586,986056,4,3.44884,Thunderbolts* (2025)
312005,31969600,1261125,3.5,2.91667,Thudarum (2025)
312063,9603208,575265,4,3.37101,Mission: Impossible - The Final Reckoning (2025)
312081,7181546,541671,3.5,3.36345,Ballerina (2025)
312363,9619824,574475,3.5,3.27372,Final Destination Bloodlines (2025)
312367,5950044,1061474,3.5,3.56863,Superman (2025)
312377,16311594,911430,4,3.8266,F1 (2025)
312379,32246771,1151031,4.5,3.48148,Bring Her Back (2025)
312937,10676052,617126,4,3.34321,The Fantastic 4: First Steps (2025)
313811,36463894,1376434,4,3.52479,Predator: Killer of Killers (2025)
314203,31184028,1242011,3.5,3.31159,Together (2025)
314205,3402138,1035259,3.5,3.25223,The Naked Gun (2025)
314209,26581740,1078605,4.5,3.67244,Weapons (2025)
315267,30144839,1054867,5,3.97701,One Battle After Another (2025)
